Workbook

Sheet Partner Pipeline
A1: Partner pipeline - all opportunities with a partner attached (FocusNet, 6 Oct 2026)
A2: Attachment: Partner-sourced = partner referred the deal; Co-sell = registered and partner sellers engaged; Partner-attached = partner technology or funding in the solution.
A3: Classification: Internal
A5: Partner ID | B5: Partner | C5: Opp ID | D5: Account | E5: Opportunity | F5: Service line | G5: Stage | H5: TCV (USD) | I5: Probability | J5: Weighted open (USD) | K5: Close date | L5: Attachment | M5: Registration IDs | N5: Owner
A6: PRT-01 | B6: Microsoft | C6: OPP-24240 | D6: Halcyon Health | E6: Claims Data Mart Fabric Migration (CR-0219) | F6: Data & AI | G6: 1 - Qualify | H6: 450000 | I6: 0.3 | J6: =IF(OR(G6="Closed Won",G6="Closed Lost"),0,H6*I6) -> 135000 | K6: 46367 | L6: Partner-attached | N6: Hannah Lee
A7: PRT-01 | B7: Microsoft | C7: OPP-24121 | D7: Woodgrove Bank | E7: Managed SOC (MXDR) | F7: Cybersecurity | G7: 2 - Discover | H7: 900000 | I7: 0.25 | J7: =IF(OR(G7="Closed Won",G7="Closed Lost"),0,H7*I7) -> 225000 | K7: 46477 | L7: Partner-attached | N7: Marcus Bell
A8: PRT-01 | B8: Microsoft | C8: OPP-24260 | D8: Lamna Healthcare | E8: GenAI Member Service Copilot | F8: Data & AI | G8: 2 - Discover | H8: 600000 | I8: 0.25 | J8: =IF(OR(G8="Closed Won",G8="Closed Lost"),0,H8*I8) -> 150000 | K8: 46430 | L8: Partner-attached | N8: Hannah Lee
A9: PRT-01 | B9: Microsoft | C9: OPP-24102 | D9: Northwind Traders | E9: Loyalty Analytics Platform | F9: Data & AI | G9: 3 - Solution | H9: 640000 | I9: 0.3 | J9: =IF(OR(G9="Closed Won",G9="Closed Lost"),0,H9*I9) -> 192000 | K9: 46356 | L9: Partner-attached | M9: MSRF-3312090 | N9: Priya Raman
A10: PRT-01 | B10: Microsoft | C10: OPP-24110 | D10: Fabrikam Health | E10: Patient Data Platform Phase 2 - Population Health | F10: Data & AI | G10: 3 - Solution | H10: 1250000 | I10: 0.5 | J10: =IF(OR(G10="Closed Won",G10="Closed Lost"),0,H10*I10) -> 625000 | K10: 46416 | L10: Partner-attached | M10: MSRF-3350288 | N10: Priya Raman
A11: PRT-01 | B11: Microsoft | C11: OPP-24150 | D11: Litware Insurance | E11: Intelligent Underwriting Intake | F11: Intelligent Automation | G11: 3 - Solution | H11: 780000 | I11: 0.45 | J11: =IF(OR(G11="Closed Won",G11="Closed Lost"),0,H11*I11) -> 351000 | K11: 46374 | L11: Partner-attached | M11: MSRF-3360031 | N11: Marcus Bell
A12: PRT-01 | B12: Microsoft | C12: OPP-24120 | D12: Woodgrove Bank | E12: Enterprise Data Platform Modernisation | F12: Data & AI | G12: 4 - Proposal | H12: 3100000 | I12: 0.55 | J12: =IF(OR(G12="Closed Won",G12="Closed Lost"),0,H12*I12) -> 1705000 | K12: 46346 | L12: Co-sell | M12: MSRF-3318842; DBX-REG-2274 | N12: Marcus Bell
A13: PRT-01 | B13: Microsoft | C13: OPP-24190 | D13: Lamna Healthcare | E13: Claims Platform Azure Migration | F13: Cloud & Infrastructure | G13: 4 - Proposal | H13: 1500000 | I13: 0.5 | J13: =IF(OR(G13="Closed Won",G13="Closed Lost"),0,H13*I13) -> 750000 | K13: 46356 | L13: Partner-attached | M13: MSRF-3329415 | N13: Hannah Lee
A14: PRT-01 | B14: Microsoft | C14: OPP-24220 | D14: Meridian Bank | E14: Cloud Data Platform | F14: Data & AI | G14: 4 - Proposal | H14: 2400000 | I14: 0.58 | J14: =IF(OR(G14="Closed Won",G14="Closed Lost"),0,H14*I14) -> 1392000 | K14: 46374 | L14: Partner-attached | M14: MSRF-3341107 | N14: Marcus Bell
A15: PRT-01 | B15: Microsoft | C15: OPP-24140 | D15: Contoso Manufacturing | E15: Smart Factory IoT Data Platform | F15: Data & AI | G15: Closed Lost | H15: 1900000 | I15: 0 | J15: =IF(OR(G15="Closed Won",G15="Closed Lost"),0,H15*I15) -> 0 | K15: 46248 | L15: Partner-attached | N15: Sophie Turner
A16: PRT-01 | B16: Microsoft | C16: OPP-24330 | D16: Adventure Works Retail | E16: Store Ops Analytics | F16: Data & AI | G16: Closed Lost | H16: 450000 | I16: 0 | J16: =IF(OR(G16="Closed Won",G16="Closed Lost"),0,H16*I16) -> 0 | K16: 46171 | L16: Partner-attached | N16: James Patel
A17: PRT-01 | B17: Microsoft | C17: OPP-24250 | D17: Relecloud | E17: Zero Trust Assessment | F17: Cybersecurity | G17: Closed Won | H17: 180000 | I17: 1 | J17: =IF(OR(G17="Closed Won",G17="Closed Lost"),0,H17*I17) -> 0 | K17: 46147 | L17: Partner-attached | N17: James Patel
A18: PRT-01 | B18: Microsoft | C18: OPP-24270 | D18: Alpine Ski House | E18: Resort Systems Cloud Migration | F18: Cloud & Infrastructure | G18: Closed Won | H18: 320000 | I18: 1 | J18: =IF(OR(G18="Closed Won",G18="Closed Lost"),0,H18*I18) -> 0 | K18: 46129 | L18: Partner-attached | N18: James Patel
A19: PRT-02 | B19: AWS | C19: OPP-24210 | D19: Trey Research | E19: GxP Data Lake on AWS | F19: Data & AI | G19: 3 - Solution | H19: 1400000 | I19: 0.4 | J19: =IF(OR(G19="Closed Won",G19="Closed Lost"),0,H19*I19) -> 560000 | K19: 46444 | L19: Partner-sourced | M19: O8012573; SNOW-DR-55120 | N19: Hannah Lee
A20: PRT-02 | B20: AWS | C20: OPP-24130 | D20: Tailspin Airlines | E20: Crew Operations Platform Modernisation | F20: Application Modernization | G20: 4 - Proposal | H20: 2200000 | I20: 0.5 | J20: =IF(OR(G20="Closed Won",G20="Closed Lost"),0,H20*I20) -> 1100000 | K20: 46318 | L20: Partner-attached | M20: O7902211 | N20: Sophie Turner
A21: PRT-02 | B21: AWS | C21: OPP-24131 | D21: Tailspin Airlines | E21: AWS Migration Factory Wave 2 | F21: Cloud & Infrastructure | G21: Closed Won | H21: 1100000 | I21: 1 | J21: =IF(OR(G21="Closed Won",G21="Closed Lost"),0,H21*I21) -> 0 | K21: 46185 | L21: Partner-attached | M21: O7718824 | N21: Sophie Turner
A22: PRT-02 | B22: AWS | C22: OPP-24290 | D22: Proseware Inc | E22: SaaS Platform Re-architecture | F22: Application Modernization | G22: Closed Won | H22: 280000 | I22: 1 | J22: =IF(OR(G22="Closed Won",G22="Closed Lost"),0,H22*I22) -> 0 | K22: 46262 | L22: Partner-sourced | N22: Hannah Lee
A23: PRT-03 | B23: Databricks | C23: OPP-24171 | D23: Wingtip Logistics | E23: Fleet Analytics Expansion - EU Depots | F23: Data & AI | G23: 3 - Solution | H23: 1200000 | I23: 0.6 | J23: =IF(OR(G23="Closed Won",G23="Closed Lost"),0,H23*I23) -> 720000 | K23: 46409 | L23: Partner-attached | M23: DBX-REG-2291 | N23: Sophie Turner
A24: PRT-03 | B24: Databricks | C24: OPP-24170 | D24: Wingtip Logistics | E24: Predictive Maintenance Phase 2 | F24: Data & AI | G24: Closed Won | H24: 850000 | I24: 1 | J24: =IF(OR(G24="Closed Won",G24="Closed Lost"),0,H24*I24) -> 0 | K24: 46223 | L24: Partner-attached | N24: Sophie Turner
A25: PRT-04 | B25: Snowflake | C25: OPP-24340 | D25: Trey Research | E25: Lab Data Integration Pilot | F25: Data & AI | G25: Closed Won | H25: 260000 | I25: 1 | J25: =IF(OR(G25="Closed Won",G25="Closed Lost"),0,H25*I25) -> 0 | K25: 46094 | L25: Partner-attached | N25: Hannah Lee
A26: PRT-06 | B26: Guidewire | C26: OPP-24230 | D26: Calder Insurance | E26: Claims Modernisation (Guidewire ClaimCenter) | F26: Application Modernization | G26: 3 - Solution | H26: 5800000 | I26: 0.35 | J26: =IF(OR(G26="Closed Won",G26="Closed Lost"),0,H26*I26) -> 2030000 | K26: 46416 | L26: Partner-attached | M26: O8106640; GW-PC-0412 | N26: Marcus Bell

Sheet By Partner
A1: Pipeline by partner and attachment type
A2: SUMIFS over Partner Pipeline (open deals only for pipeline columns)
A3: Classification: Internal
A5: Partner | B5: Open deals | C5: Open TCV | D5: Weighted | E5: Partner-sourced TCV | F5: Co-sell TCV | G5: Won TCV (FY2026) | H5: Partner-attached revenue 2026 YTD
A6: Microsoft | B6: =COUNTIFS('Partner Pipeline'!$B$6:$B$26,A6,'Partner Pipeline'!$J$6:$J$26,">0") -> 9 | C6: =SUMIFS('Partner Pipeline'!$H$6:$H$26,'Partner Pipeline'!$B$6:$B$26,A6,'Partner Pipeline'!$J$6:$J$26,">0") -> 11620000 | D6: =SUMIFS('Partner Pipeline'!$J$6:$J$26,'Partner Pipeline'!$B$6:$B$26,A6) -> 5525000 | E6: =SUMIFS('Partner Pipeline'!$H$6:$H$26,'Partner Pipeline'!$B$6:$B$26,A6,'Partner Pipeline'!$L$6:$L$26,"Partner-sourced",'Partner Pipeline'!$J$6:$J$26,">0") -> 0 | F6: =SUMIFS('Partner Pipeline'!$H$6:$H$26,'Partner Pipeline'!$B$6:$B$26,A6,'Partner Pipeline'!$L$6:$L$26,"Co-sell",'Partner Pipeline'!$J$6:$J$26,">0") -> 3100000 | G6: =SUMIFS('Partner Pipeline'!$H$6:$H$26,'Partner Pipeline'!$B$6:$B$26,A6,'Partner Pipeline'!$G$6:$G$26,"Closed Won",'Partner Pipeline'!$K$6:$K$26,">="&DATE(2026,1,1)) -> 500000 | H6: 2542580.2
A7: AWS | B7: =COUNTIFS('Partner Pipeline'!$B$6:$B$26,A7,'Partner Pipeline'!$J$6:$J$26,">0") -> 2 | C7: =SUMIFS('Partner Pipeline'!$H$6:$H$26,'Partner Pipeline'!$B$6:$B$26,A7,'Partner Pipeline'!$J$6:$J$26,">0") -> 3600000 | D7: =SUMIFS('Partner Pipeline'!$J$6:$J$26,'Partner Pipeline'!$B$6:$B$26,A7) -> 1660000 | E7: =SUMIFS('Partner Pipeline'!$H$6:$H$26,'Partner Pipeline'!$B$6:$B$26,A7,'Partner Pipeline'!$L$6:$L$26,"Partner-sourced",'Partner Pipeline'!$J$6:$J$26,">0") -> 1400000 | F7: =SUMIFS('Partner Pipeline'!$H$6:$H$26,'Partner Pipeline'!$B$6:$B$26,A7,'Partner Pipeline'!$L$6:$L$26,"Co-sell",'Partner Pipeline'!$J$6:$J$26,">0") -> 0 | G7: =SUMIFS('Partner Pipeline'!$H$6:$H$26,'Partner Pipeline'!$B$6:$B$26,A7,'Partner Pipeline'!$G$6:$G$26,"Closed Won",'Partner Pipeline'!$K$6:$K$26,">="&DATE(2026,1,1)) -> 1380000 | H7: 1215477.3
A8: Databricks | B8: =COUNTIFS('Partner Pipeline'!$B$6:$B$26,A8,'Partner Pipeline'!$J$6:$J$26,">0") -> 1 | C8: =SUMIFS('Partner Pipeline'!$H$6:$H$26,'Partner Pipeline'!$B$6:$B$26,A8,'Partner Pipeline'!$J$6:$J$26,">0") -> 1200000 | D8: =SUMIFS('Partner Pipeline'!$J$6:$J$26,'Partner Pipeline'!$B$6:$B$26,A8) -> 720000 | E8: =SUMIFS('Partner Pipeline'!$H$6:$H$26,'Partner Pipeline'!$B$6:$B$26,A8,'Partner Pipeline'!$L$6:$L$26,"Partner-sourced",'Partner Pipeline'!$J$6:$J$26,">0") -> 0 | F8: =SUMIFS('Partner Pipeline'!$H$6:$H$26,'Partner Pipeline'!$B$6:$B$26,A8,'Partner Pipeline'!$L$6:$L$26,"Co-sell",'Partner Pipeline'!$J$6:$J$26,">0") -> 0 | G8: =SUMIFS('Partner Pipeline'!$H$6:$H$26,'Partner Pipeline'!$B$6:$B$26,A8,'Partner Pipeline'!$G$6:$G$26,"Closed Won",'Partner Pipeline'!$K$6:$K$26,">="&DATE(2026,1,1)) -> 850000 | H8: 1151232.9
A9: Snowflake | B9: =COUNTIFS('Partner Pipeline'!$B$6:$B$26,A9,'Partner Pipeline'!$J$6:$J$26,">0") -> 0 | C9: =SUMIFS('Partner Pipeline'!$H$6:$H$26,'Partner Pipeline'!$B$6:$B$26,A9,'Partner Pipeline'!$J$6:$J$26,">0") -> 0 | D9: =SUMIFS('Partner Pipeline'!$J$6:$J$26,'Partner Pipeline'!$B$6:$B$26,A9) -> 0 | E9: =SUMIFS('Partner Pipeline'!$H$6:$H$26,'Partner Pipeline'!$B$6:$B$26,A9,'Partner Pipeline'!$L$6:$L$26,"Partner-sourced",'Partner Pipeline'!$J$6:$J$26,">0") -> 0 | F9: =SUMIFS('Partner Pipeline'!$H$6:$H$26,'Partner Pipeline'!$B$6:$B$26,A9,'Partner Pipeline'!$L$6:$L$26,"Co-sell",'Partner Pipeline'!$J$6:$J$26,">0") -> 0 | G9: =SUMIFS('Partner Pipeline'!$H$6:$H$26,'Partner Pipeline'!$B$6:$B$26,A9,'Partner Pipeline'!$G$6:$G$26,"Closed Won",'Partner Pipeline'!$K$6:$K$26,">="&DATE(2026,1,1)) -> 260000 | H9: 383531.16
A10: ServiceNow | B10: =COUNTIFS('Partner Pipeline'!$B$6:$B$26,A10,'Partner Pipeline'!$J$6:$J$26,">0") -> 0 | C10: =SUMIFS('Partner Pipeline'!$H$6:$H$26,'Partner Pipeline'!$B$6:$B$26,A10,'Partner Pipeline'!$J$6:$J$26,">0") -> 0 | D10: =SUMIFS('Partner Pipeline'!$J$6:$J$26,'Partner Pipeline'!$B$6:$B$26,A10) -> 0 | E10: =SUMIFS('Partner Pipeline'!$H$6:$H$26,'Partner Pipeline'!$B$6:$B$26,A10,'Partner Pipeline'!$L$6:$L$26,"Partner-sourced",'Partner Pipeline'!$J$6:$J$26,">0") -> 0 | F10: =SUMIFS('Partner Pipeline'!$H$6:$H$26,'Partner Pipeline'!$B$6:$B$26,A10,'Partner Pipeline'!$L$6:$L$26,"Co-sell",'Partner Pipeline'!$J$6:$J$26,">0") -> 0 | G10: =SUMIFS('Partner Pipeline'!$H$6:$H$26,'Partner Pipeline'!$B$6:$B$26,A10,'Partner Pipeline'!$G$6:$G$26,"Closed Won",'Partner Pipeline'!$K$6:$K$26,">="&DATE(2026,1,1)) -> 0 | H10: 0
A11: Guidewire | B11: =COUNTIFS('Partner Pipeline'!$B$6:$B$26,A11,'Partner Pipeline'!$J$6:$J$26,">0") -> 1 | C11: =SUMIFS('Partner Pipeline'!$H$6:$H$26,'Partner Pipeline'!$B$6:$B$26,A11,'Partner Pipeline'!$J$6:$J$26,">0") -> 5800000 | D11: =SUMIFS('Partner Pipeline'!$J$6:$J$26,'Partner Pipeline'!$B$6:$B$26,A11) -> 2030000 | E11: =SUMIFS('Partner Pipeline'!$H$6:$H$26,'Partner Pipeline'!$B$6:$B$26,A11,'Partner Pipeline'!$L$6:$L$26,"Partner-sourced",'Partner Pipeline'!$J$6:$J$26,">0") -> 0 | F11: =SUMIFS('Partner Pipeline'!$H$6:$H$26,'Partner Pipeline'!$B$6:$B$26,A11,'Partner Pipeline'!$L$6:$L$26,"Co-sell",'Partner Pipeline'!$J$6:$J$26,">0") -> 0 | G11: =SUMIFS('Partner Pipeline'!$H$6:$H$26,'Partner Pipeline'!$B$6:$B$26,A11,'Partner Pipeline'!$G$6:$G$26,"Closed Won",'Partner Pipeline'!$K$6:$K$26,">="&DATE(2026,1,1)) -> 0 | H11: 0
A13: Partner-attached revenue = SysHCM 2026 revenue on service lines delivered with the partner's platform or funding (see Attached Revenue sheet).

Sheet Attached Revenue
A1: Partner-attached revenue streams, 2026 YTD (SysHCM)
A2: Account and service line delivered on partner platform
A3: Classification: Internal
A5: Partner | B5: Account ID | C5: Account | D5: Service line | E5: Revenue 2026 YTD (USD)
A6: AWS | B6: ACC-1004 | C6: Tailspin Airlines | D6: Cloud & Infrastructure | E6: 1166453.2
A7: AWS | B7: ACC-1018 | C7: Proseware Inc | D7: Application Modernization | E7: 49024.02
A8: Databricks | B8: ACC-1008 | C8: Wingtip Logistics | D8: Data & AI | E8: 1151232.9
A9: Microsoft | B9: ACC-1002 | C9: Fabrikam Health | D9: Data & AI | E9: 1057661.3
A10: Microsoft | B10: ACC-1003 | C10: Woodgrove Bank | D10: Data & AI | E10: 105395.19
A11: Microsoft | B11: ACC-1009 | C11: Relecloud | D11: Cybersecurity | E11: 61270.45
A12: Microsoft | B12: ACC-1010 | C12: Lamna Healthcare | D12: Cloud & Infrastructure | E12: 641360.77
A13: Microsoft | B13: ACC-1015 | C13: Halcyon Health | D13: Data & AI | E13: 477284.13
A14: Microsoft | B14: ACC-1016 | C14: Alpine Ski House | D14: Cloud & Infrastructure | E14: 199608.3
A15: Snowflake | B15: ACC-1012 | C15: Trey Research | D15: Data & AI | E15: 383531.16
D17: Total | E17: =SUM(E6:E15) -> 5292821.5
