Workbook

Sheet Stakeholders
A1: Stakeholder map - key accounts and pursuits
A2: Source: FocusNet contacts + account plans. Updated 7 Oct 2026.
A3: Classification: Confidential
A5: Contact ID | B5: Account ID | C5: Account | D5: Name | E5: Title | F5: Role in decision | G5: Relationship strength | H5: Visionet owner | I5: Last interaction | J5: Status | K5: Notes
A6: CON-5001 | B6: ACC-1001 | C6: Northwind Traders | D6: Lena Fischer | E6: Chief Information Officer | F6: Decision maker | G6: Warm | H6: Priya Raman | I6: 46296 | J6: Active
A7: CON-5002 | B7: ACC-1001 | C7: Northwind Traders | D7: Daniel Okafor | E7: VP Technology | F7: Champion | G7: Strong | H7: Priya Raman | I7: 46282 | J7: Exited 2026-09-28 | K7: Sponsored the 2024 AMS renewal and Project Atlas; left Northwind on 28 Sep 2026
A8: CON-5003 | B8: ACC-1001 | C8: Northwind Traders | D8: Sofia Lindqvist | E8: VP Technology | F8: Decision maker | G8: None | H8: Priya Raman | I8: 46296 | J8: Appointed 2026-10-01 | K8: Joined from a grocery chain; previously ran a POS replatform with a competitor
A9: CON-5004 | B9: ACC-1001 | C9: Northwind Traders | D9: Mark Ellison | E9: Director, Store Systems | F9: Influencer | G9: Strong | H9: Kavya Iyer | I9: 46296 | J9: Active
A10: CON-5005 | B10: ACC-1001 | C10: Northwind Traders | D10: Hannah Brooks | E10: Senior Manager, IT Procurement | F10: Gatekeeper | G10: Neutral | H10: Priya Raman | I10: 46254 | J10: Active
A11: CON-5006 | B11: ACC-1001 | C11: Northwind Traders | D11: Robert Lang | E11: Chief Financial Officer | F11: Economic buyer | G11: Cold | H11: Laura Chen | I11: 45975 | J11: Active
A12: CON-5007 | B12: ACC-1001 | C12: Northwind Traders | D12: Tanya Brooks | E12: Director, Loyalty & CRM | F12: Evaluator | G12: Warm | H12: Priya Raman | I12: 46266 | J12: Active
A13: CON-5011 | B13: ACC-1002 | C13: Fabrikam Health | D13: James Whitaker | E13: Chief Information Officer | F13: Decision maker | G13: Strong | H13: Priya Raman | I13: 46283 | J13: Active
A14: CON-5012 | B14: ACC-1002 | C14: Fabrikam Health | D14: Dr. Alicia Moreno | E14: Chief Medical Information Officer | F14: Influencer | G14: Warm | H14: Priya Raman | I14: 46283 | J14: Active
A15: CON-5013 | B15: ACC-1002 | C15: Fabrikam Health | D15: Priyanka Desai | E15: Director, Data & Analytics | F15: Champion | G15: Strong | H15: Nikhil Joshi | I15: 46297 | J15: Active
A16: CON-5014 | B16: ACC-1002 | C16: Fabrikam Health | D16: Kevin O'Neil | E16: VP IT Operations | F16: Evaluator | G16: Neutral | H16: Sam Wright | I16: 46275 | J16: Active
A17: CON-5015 | B17: ACC-1002 | C17: Fabrikam Health | D17: Rachel Stone | E17: Chief Privacy Officer | F17: Gatekeeper | G17: Neutral | H17: Nikhil Joshi | I17: 46290 | J17: Active
A18: CON-5021 | B18: ACC-1003 | C18: Woodgrove Bank | D18: Catherine Hughes | E18: Chief Data Officer | F18: Decision maker | G18: Warm | H18: Marcus Bell | I18: 46281 | J18: Appointed 2026-08-03 | K18: Joined from a global bank; mandate to consolidate three data warehouses
A19: CON-5022 | B19: ACC-1003 | C19: Woodgrove Bank | D19: Michael Tan | E19: Chief Technology Officer | F19: Economic buyer | G19: Strong | H19: Marcus Bell | I19: 46261 | J19: Active
A20: CON-5023 | B20: ACC-1003 | C20: Woodgrove Bank | D20: Rachel Adeyemi | E20: Head of Data Engineering | F20: Champion | G20: Strong | H20: Lucia Romero | I20: 46301 | J20: Active
A21: CON-5024 | B21: ACC-1003 | C21: Woodgrove Bank | D21: Brian Foster | E21: Director, Strategic Sourcing | F21: Gatekeeper | G21: Neutral | H21: Marcus Bell | I21: 46290 | J21: Active
A22: CON-5025 | B22: ACC-1003 | C22: Woodgrove Bank | D22: Nadia Petrova | E22: CISO | F22: Influencer | G22: Cold | H22: Marcus Bell | I22: 46085 | J22: Active
A23: CON-5031 | B23: ACC-1004 | C23: Tailspin Airlines | D23: Patrick Nguyen | E23: VP Operations Technology | F23: Decision maker | G23: Warm | H23: Sophie Turner | I23: 46245 | J23: Active
A24: CON-5032 | B24: ACC-1004 | C24: Tailspin Airlines | D24: Elaine Russo | E24: Director, Crew Systems | F24: Evaluator | G24: Strong | H24: Sophie Turner | I24: 46277 | J24: Active
A25: CON-5033 | B25: ACC-1004 | C25: Tailspin Airlines | D25: George Whitfield | E25: Chief Information Officer | F25: Economic buyer | G25: Neutral | H25: Laura Chen | I25: 46216 | J25: Active
A26: CON-5041 | B26: ACC-1005 | C26: Litware Insurance | D26: Samuel Price | E26: VP Underwriting Operations | F26: Champion | G26: Warm | H26: Marcus Bell | I26: 46245 | J26: Active
A27: CON-5042 | B27: ACC-1005 | C27: Litware Insurance | D27: Monica Hale | E27: Chief Operating Officer | F27: Economic buyer | G27: Neutral | H27: Marcus Bell | I27: 46277 | J27: Active
A28: CON-5051 | B28: ACC-1006 | C28: Contoso Manufacturing | D28: Ingrid Johansson | E28: Head of Digital Manufacturing | F28: Decision maker | G28: Neutral | H28: Sophie Turner | I28: 46245 | J28: Active
A29: CON-5052 | B29: ACC-1006 | C29: Contoso Manufacturing | D29: Paul Becker | E29: IT Director, ERP | F29: Champion | G29: Strong | H29: Sophie Turner | I29: 46277 | J29: Active
A30: CON-5061 | B30: ACC-1007 | C30: Adventure Works Retail | D30: Nora Klein | E30: VP Digital Commerce | F30: Decision maker | G30: Warm | H30: James Patel | I30: 46245 | J30: Active
... A38: CON-5092 | B38: ACC-1010 | C38: Lamna Healthcare | D38: Angela Wu | E38: VP Member Experience | F38: Evaluator | G38: Neutral | H38: Hannah Lee | I38: 46277 | J38: Active
A39: CON-5101 | B39: ACC-1011 | C39: Wide World Importers | D39: Victor Grant | E39: Chief Financial Officer | F39: Economic buyer | G39: Cold | H39: James Patel | I39: 46245 | J39: Active | K39: Leading a 12% IT cost-reduction programme for FY2027
A40: CON-5102 | B40: ACC-1011 | C40: Wide World Importers | D40: Lisa Moreno | E40: Director, Supply Chain Systems | F40: Champion | G40: Warm | H40: Sam Wright | I40: 46277 | J40: Active
A41: CON-5111 | B41: ACC-1012 | C41: Trey Research | D41: Dr. Kenji Watanabe | E41: VP Research Informatics | F41: Decision maker | G41: Warm | H41: Hannah Lee | I41: 46245 | J41: Active
A42: CON-5121 | B42: ACC-1013 | C42: Meridian Bank | D42: Lena Park | E42: Chief Information Officer | F42: Champion | G42: Warm | H42: Marcus Bell | I42: 46295 | J42: Active | K42: Met 4 times; positive
A43: CON-5122 | B43: ACC-1013 | C43: Meridian Bank | D43: Omar Reyes | E43: Head of Data | F43: Evaluator | G43: Warm | H43: Mei Tanaka | I43: 46301 | J43: Appointed 2026-06-15 | K43: Hired from a cloud-first digital bank; attended the BFSI webinar on 22 Jul 2026
A44: CON-5123 | B44: ACC-1013 | C44: Meridian Bank | D44: Grace Liu | E44: Chief Financial Officer | F44: Economic buyer | G44: None | H44: Marcus Bell | J44: Active | K44: Signs off above $2M; no Visionet contact yet
A45: CON-5124 | B45: ACC-1013 | C45: Meridian Bank | D45: Ivan Petrov | E45: CISO | F45: Gatekeeper | G45: None | H45: Marcus Bell | J45: Active | K45: Not engaged
A46: CON-5131 | B46: ACC-1014 | C46: Calder Insurance | D46: Steven Marsh | E46: VP Claims Technology | F46: Decision maker | G46: Neutral | H46: Marcus Bell | I46: 46300 | J46: Active
A47: CON-5132 | B47: ACC-1014 | C47: Calder Insurance | D47: Olivia Grant | E47: Procurement Manager | F47: Gatekeeper | G47: Neutral | H47: Anita Rao | I47: 46300 | J47: Active
A48: CON-5141 | B48: ACC-1015 | C48: Halcyon Health | D48: Derek Simmons | E48: VP Data & Analytics | F48: Decision maker | G48: Strong | H48: Hannah Lee | I48: 46245 | J48: Active

Sheet Coverage
A1: Relationship coverage by account
A2: COUNTIFS over the Stakeholders sheet
A3: Classification: Confidential
A5: Account | B5: Contacts | C5: Strong or Warm | D5: Cold or None | E5: Decision makers | F5: Coverage of decision makers
A6: Northwind Traders | B6: =COUNTIFS(Stakeholders!$C$6:$C$48,A6) -> 7 | C6: =COUNTIFS(Stakeholders!$C$6:$C$48,A6,Stakeholders!$G$6:$G$48,"Strong")+COUNTIFS(Stakeholders!$C$6:$C$48,A6,Stakeholders!$G$6:$G$48,"Warm") -> 4 | D6: =COUNTIFS(Stakeholders!$C$6:$C$48,A6,Stakeholders!$G$6:$G$48,"Cold")+COUNTIFS(Stakeholders!$C$6:$C$48,A6,Stakeholders!$G$6:$G$48,"None") -> 2 | E6: =COUNTIFS(Stakeholders!$C$6:$C$48,A6,Stakeholders!$F$6:$F$48,"Decision maker")+COUNTIFS(Stakeholders!$C$6:$C$48,A6,Stakeholders!$F$6:$F$48,"Economic buyer") -> 3 | F6: 0.33333333
A7: Fabrikam Health | B7: =COUNTIFS(Stakeholders!$C$6:$C$48,A7) -> 5 | C7: =COUNTIFS(Stakeholders!$C$6:$C$48,A7,Stakeholders!$G$6:$G$48,"Strong")+COUNTIFS(Stakeholders!$C$6:$C$48,A7,Stakeholders!$G$6:$G$48,"Warm") -> 3 | D7: =COUNTIFS(Stakeholders!$C$6:$C$48,A7,Stakeholders!$G$6:$G$48,"Cold")+COUNTIFS(Stakeholders!$C$6:$C$48,A7,Stakeholders!$G$6:$G$48,"None") -> 0 | E7: =COUNTIFS(Stakeholders!$C$6:$C$48,A7,Stakeholders!$F$6:$F$48,"Decision maker")+COUNTIFS(Stakeholders!$C$6:$C$48,A7,Stakeholders!$F$6:$F$48,"Economic buyer") -> 1 | F7: 1
A8: Woodgrove Bank | B8: =COUNTIFS(Stakeholders!$C$6:$C$48,A8) -> 5 | C8: =COUNTIFS(Stakeholders!$C$6:$C$48,A8,Stakeholders!$G$6:$G$48,"Strong")+COUNTIFS(Stakeholders!$C$6:$C$48,A8,Stakeholders!$G$6:$G$48,"Warm") -> 3 | D8: =COUNTIFS(Stakeholders!$C$6:$C$48,A8,Stakeholders!$G$6:$G$48,"Cold")+COUNTIFS(Stakeholders!$C$6:$C$48,A8,Stakeholders!$G$6:$G$48,"None") -> 1 | E8: =COUNTIFS(Stakeholders!$C$6:$C$48,A8,Stakeholders!$F$6:$F$48,"Decision maker")+COUNTIFS(Stakeholders!$C$6:$C$48,A8,Stakeholders!$F$6:$F$48,"Economic buyer") -> 2 | F8: 1
A9: Tailspin Airlines | B9: =COUNTIFS(Stakeholders!$C$6:$C$48,A9) -> 3 | C9: =COUNTIFS(Stakeholders!$C$6:$C$48,A9,Stakeholders!$G$6:$G$48,"Strong")+COUNTIFS(Stakeholders!$C$6:$C$48,A9,Stakeholders!$G$6:$G$48,"Warm") -> 2 | D9: =COUNTIFS(Stakeholders!$C$6:$C$48,A9,Stakeholders!$G$6:$G$48,"Cold")+COUNTIFS(Stakeholders!$C$6:$C$48,A9,Stakeholders!$G$6:$G$48,"None") -> 0 | E9: =COUNTIFS(Stakeholders!$C$6:$C$48,A9,Stakeholders!$F$6:$F$48,"Decision maker")+COUNTIFS(Stakeholders!$C$6:$C$48,A9,Stakeholders!$F$6:$F$48,"Economic buyer") -> 2 | F9: 0.5
A10: Litware Insurance | B10: =COUNTIFS(Stakeholders!$C$6:$C$48,A10) -> 2 | C10: =COUNTIFS(Stakeholders!$C$6:$C$48,A10,Stakeholders!$G$6:$G$48,"Strong")+COUNTIFS(Stakeholders!$C$6:$C$48,A10,Stakeholders!$G$6:$G$48,"Warm") -> 1 | D10: =COUNTIFS(Stakeholders!$C$6:$C$48,A10,Stakeholders!$G$6:$G$48,"Cold")+COUNTIFS(Stakeholders!$C$6:$C$48,A10,Stakeholders!$G$6:$G$48,"None") -> 0 | E10: =COUNTIFS(Stakeholders!$C$6:$C$48,A10,Stakeholders!$F$6:$F$48,"Decision maker")+COUNTIFS(Stakeholders!$C$6:$C$48,A10,Stakeholders!$F$6:$F$48,"Economic buyer") -> 1 | F10: 0
A11: Contoso Manufacturing | B11: =COUNTIFS(Stakeholders!$C$6:$C$48,A11) -> 2 | C11: =COUNTIFS(Stakeholders!$C$6:$C$48,A11,Stakeholders!$G$6:$G$48,"Strong")+COUNTIFS(Stakeholders!$C$6:$C$48,A11,Stakeholders!$G$6:$G$48,"Warm") -> 1 | D11: =COUNTIFS(Stakeholders!$C$6:$C$48,A11,Stakeholders!$G$6:$G$48,"Cold")+COUNTIFS(Stakeholders!$C$6:$C$48,A11,Stakeholders!$G$6:$G$48,"None") -> 0 | E11: =COUNTIFS(Stakeholders!$C$6:$C$48,A11,Stakeholders!$F$6:$F$48,"Decision maker")+COUNTIFS(Stakeholders!$C$6:$C$48,A11,Stakeholders!$F$6:$F$48,"Economic buyer") -> 1 | F11: 0
A12: Adventure Works Retail | B12: =COUNTIFS(Stakeholders!$C$6:$C$48,A12) -> 2 | C12: =COUNTIFS(Stakeholders!$C$6:$C$48,A12,Stakeholders!$G$6:$G$48,"Strong")+COUNTIFS(Stakeholders!$C$6:$C$48,A12,Stakeholders!$G$6:$G$48,"Warm") -> 1 | D12: =COUNTIFS(Stakeholders!$C$6:$C$48,A12,Stakeholders!$G$6:$G$48,"Cold")+COUNTIFS(Stakeholders!$C$6:$C$48,A12,Stakeholders!$G$6:$G$48,"None") -> 0 | E12: =COUNTIFS(Stakeholders!$C$6:$C$48,A12,Stakeholders!$F$6:$F$48,"Decision maker")+COUNTIFS(Stakeholders!$C$6:$C$48,A12,Stakeholders!$F$6:$F$48,"Economic buyer") -> 1 | F12: 1
A13: Wingtip Logistics | B13: =COUNTIFS(Stakeholders!$C$6:$C$48,A13) -> 3 | C13: =COUNTIFS(Stakeholders!$C$6:$C$48,A13,Stakeholders!$G$6:$G$48,"Strong")+COUNTIFS(Stakeholders!$C$6:$C$48,A13,Stakeholders!$G$6:$G$48,"Warm") -> 3 | D13: =COUNTIFS(Stakeholders!$C$6:$C$48,A13,Stakeholders!$G$6:$G$48,"Cold")+COUNTIFS(Stakeholders!$C$6:$C$48,A13,Stakeholders!$G$6:$G$48,"None") -> 0 | E13: =COUNTIFS(Stakeholders!$C$6:$C$48,A13,Stakeholders!$F$6:$F$48,"Decision maker")+COUNTIFS(Stakeholders!$C$6:$C$48,A13,Stakeholders!$F$6:$F$48,"Economic buyer") -> 1 | F13: 1
A14: Relecloud | B14: =COUNTIFS(Stakeholders!$C$6:$C$48,A14) -> 2 | C14: =COUNTIFS(Stakeholders!$C$6:$C$48,A14,Stakeholders!$G$6:$G$48,"Strong")+COUNTIFS(Stakeholders!$C$6:$C$48,A14,Stakeholders!$G$6:$G$48,"Warm") -> 2 | D14: =COUNTIFS(Stakeholders!$C$6:$C$48,A14,Stakeholders!$G$6:$G$48,"Cold")+COUNTIFS(Stakeholders!$C$6:$C$48,A14,Stakeholders!$G$6:$G$48,"None") -> 0 | E14: =COUNTIFS(Stakeholders!$C$6:$C$48,A14,Stakeholders!$F$6:$F$48,"Decision maker")+COUNTIFS(Stakeholders!$C$6:$C$48,A14,Stakeholders!$F$6:$F$48,"Economic buyer") -> 1 | F14: 1
A15: Lamna Healthcare | B15: =COUNTIFS(Stakeholders!$C$6:$C$48,A15) -> 2 | C15: =COUNTIFS(Stakeholders!$C$6:$C$48,A15,Stakeholders!$G$6:$G$48,"Strong")+COUNTIFS(Stakeholders!$C$6:$C$48,A15,Stakeholders!$G$6:$G$48,"Warm") -> 1 | D15: =COUNTIFS(Stakeholders!$C$6:$C$48,A15,Stakeholders!$G$6:$G$48,"Cold")+COUNTIFS(Stakeholders!$C$6:$C$48,A15,Stakeholders!$G$6:$G$48,"None") -> 0 | E15: =COUNTIFS(Stakeholders!$C$6:$C$48,A15,Stakeholders!$F$6:$F$48,"Decision maker")+COUNTIFS(Stakeholders!$C$6:$C$48,A15,Stakeholders!$F$6:$F$48,"Economic buyer") -> 1 | F15: 1
A16: Wide World Importers | B16: =COUNTIFS(Stakeholders!$C$6:$C$48,A16) -> 2 | C16: =COUNTIFS(Stakeholders!$C$6:$C$48,A16,Stakeholders!$G$6:$G$48,"Strong")+COUNTIFS(Stakeholders!$C$6:$C$48,A16,Stakeholders!$G$6:$G$48,"Warm") -> 1 | D16: =COUNTIFS(Stakeholders!$C$6:$C$48,A16,Stakeholders!$G$6:$G$48,"Cold")+COUNTIFS(Stakeholders!$C$6:$C$48,A16,Stakeholders!$G$6:$G$48,"None") -> 1 | E16: =COUNTIFS(Stakeholders!$C$6:$C$48,A16,Stakeholders!$F$6:$F$48,"Decision maker")+COUNTIFS(Stakeholders!$C$6:$C$48,A16,Stakeholders!$F$6:$F$48,"Economic buyer") -> 1 | F16: 0
A17: Trey Research | B17: =COUNTIFS(Stakeholders!$C$6:$C$48,A17) -> 1 | C17: =COUNTIFS(Stakeholders!$C$6:$C$48,A17,Stakeholders!$G$6:$G$48,"Strong")+COUNTIFS(Stakeholders!$C$6:$C$48,A17,Stakeholders!$G$6:$G$48,"Warm") -> 1 | D17: =COUNTIFS(Stakeholders!$C$6:$C$48,A17,Stakeholders!$G$6:$G$48,"Cold")+COUNTIFS(Stakeholders!$C$6:$C$48,A17,Stakeholders!$G$6:$G$48,"None") -> 0 | E17: =COUNTIFS(Stakeholders!$C$6:$C$48,A17,Stakeholders!$F$6:$F$48,"Decision maker")+COUNTIFS(Stakeholders!$C$6:$C$48,A17,Stakeholders!$F$6:$F$48,"Economic buyer") -> 1 | F17: 1
... A20: Halcyon Health | B20: =COUNTIFS(Stakeholders!$C$6:$C$48,A20) -> 1 | C20: =COUNTIFS(Stakeholders!$C$6:$C$48,A20,Stakeholders!$G$6:$G$48,"Strong")+COUNTIFS(Stakeholders!$C$6:$C$48,A20,Stakeholders!$G$6:$G$48,"Warm") -> 1 | D20: =COUNTIFS(Stakeholders!$C$6:$C$48,A20,Stakeholders!$G$6:$G$48,"Cold")+COUNTIFS(Stakeholders!$C$6:$C$48,A20,Stakeholders!$G$6:$G$48,"None") -> 0 | E20: =COUNTIFS(Stakeholders!$C$6:$C$48,A20,Stakeholders!$F$6:$F$48,"Decision maker")+COUNTIFS(Stakeholders!$C$6:$C$48,A20,Stakeholders!$F$6:$F$48,"Economic buyer") -> 1 | F20: 1

Sheet Org Changes
A1: Appointments and exits (last 120 days)
A2: From account teams, LinkedIn alerts and the external news feed
A3: Classification: Confidential
A5: Date | B5: Account | C5: Person | D5: Change | E5: Role | F5: Impact | G5: Action
A6: 46188 | B6: Meridian Bank | C6: Omar Reyes | D6: Appointed | E6: Head of Data | F6: High - evaluation lead | G6: Webinar attendee; now evaluating our proposal
A7: 46237 | B7: Woodgrove Bank | C7: Catherine Hughes | D7: Appointed | E7: Chief Data Officer | F7: High - new sponsor | G7: Intro call 9 Sep; attended webinar 16 Sep
A8: 46293 | B8: Northwind Traders | C8: Daniel Okafor | D8: Exited | E8: VP Technology | F8: High - champion lost | G8: Keep in touch personally; ask for reference later
A9: 46296 | B9: Northwind Traders | C9: Sofia Lindqvist | D9: Appointed | E9: VP Technology | F9: High - unknown stance | G9: 1:1 and store visit week of 12 Oct
A10: 46258 | B10: Wide World Importers | C10: Victor Grant | D10: Mandate change | E10: CFO | F10: Medium - cost programme | G10: CFO meeting 13 Oct on renewal
