Workbook

Sheet Funding
A1: Partner funding and incentives - FY2026
A2: Available = approved - used. Expiring = unused approved funding that lapses within 60 days of 8 Oct 2026.
A3: Classification: Confidential
A5: Funding ID | B5: Partner | C5: Programme | D5: Account | E5: Opp ID | F5: Purpose | G5: Requested (USD) | H5: Approved (USD) | I5: Used (USD) | J5: Available (USD) | K5: Status | L5: Applied | M5: Approved on | N5: Expires | O5: Days to expiry | P5: Expiry alert
A6: FND-901 | B6: Microsoft | C6: ECIF | D6: Woodgrove Bank | E6: OPP-24120 | F6: Woodgrove lakehouse POC (PRG-2004) | G6: 120000 | H6: 120000 | I6: 84000 | J6: =H6-I6 -> 36000 | K6: Approved - in use | L6: 46195 | M6: 46218 | N6: 46387 | O6: =N6-DATE(2026,10,8) -> 84 | P6: =IF(AND(J6>0,O6<=60),"EXPIRING","")
A7: FND-902 | B7: Microsoft | C7: Azure Innovate (proof of value) | D7: Meridian Bank | E7: OPP-24220 | F7: Meridian proof of value on Azure Databricks | G7: 150000 | H7: 0 | I7: 0 | J7: =H7-I7 -> 0 | K7: Applied - pending Microsoft approval | L7: 46287 | N7: 46477 | O7: =N7-DATE(2026,10,8) -> 174 | P7: =IF(AND(J7>0,O7<=60),"EXPIRING","")
A8: FND-903 | B8: Microsoft | C8: Azure Migrate & Modernize | D8: Lamna Healthcare | E8: OPP-24190 | F8: Lamna claims platform assessment and pilot wave | G8: 95000 | H8: 95000 | I8: 0 | J8: =H8-I8 -> 95000 | K8: Approved - unused | L8: 46244 | M8: 46262 | N8: 46356 | O8: =N8-DATE(2026,10,8) -> 53 | P8: =IF(AND(J8>0,O8<=60),"EXPIRING","") -> EXPIRING
A9: FND-904 | B9: AWS | C9: MAP - Mobilize | D9: Trey Research | E9: OPP-24210 | F9: Trey Research GxP landing zone and data lake mobilize | G9: 180000 | H9: 0 | I9: 0 | J9: =H9-I9 -> 0 | K9: Applied | L9: 46280 | N9: 46477 | O9: =N9-DATE(2026,10,8) -> 174 | P9: =IF(AND(J9>0,O9<=60),"EXPIRING","")
A10: FND-905 | B10: AWS | C10: MAP - Assess | D10: Trey Research | E10: OPP-24210 | F10: Trey Research migration readiness assessment | G10: 25000 | H10: 25000 | I10: 25000 | J10: =H10-I10 -> 0 | K10: Claimed | L10: 46223 | M10: 46232 | N10: 46326 | O10: =N10-DATE(2026,10,8) -> 23 | P10: =IF(AND(J10>0,O10<=60),"EXPIRING","")
A11: FND-906 | B11: AWS | C11: MAP - Migrate (credits) | D11: Tailspin Airlines | E11: OPP-24131 | F11: Tailspin migration factory wave 2 credits | G11: 210000 | H11: 210000 | I11: 162000 | J11: =H11-I11 -> 48000 | K11: Approved - in use | L11: 46160 | M11: 46178 | N11: 46371 | O11: =N11-DATE(2026,10,8) -> 68 | P11: =IF(AND(J11>0,O11<=60),"EXPIRING","")
A12: FND-907 | B12: AWS | C12: MAP - Assess (pre-sales) | D12: Calder Insurance | E12: OPP-24230 | F12: Calder claims platform migration incentive | G12: 120000 | H12: 0 | I12: 0 | J12: =H12-I12 -> 0 | K12: Eligibility confirmed - to apply after award | L12: 46301 | N12: 46568 | O12: =N12-DATE(2026,10,8) -> 265 | P12: =IF(AND(J12>0,O12<=60),"EXPIRING","")
A13: FND-908 | B13: Microsoft | C13: Partner MDF | D13: (marketing) | F13: Co-funding for CMP-2604 Azure Migration Assessment Offer | G13: 25000 | H13: 25000 | I13: 25000 | J13: =H13-I13 -> 0 | K13: Claimed | L13: 46048 | M13: 46062 | N13: 46295 | O13: =N13-DATE(2026,10,8) -> -8 | P13: =IF(AND(J13>0,O13<=60),"EXPIRING","")
A14: FND-909 | B14: Databricks | C14: Databricks partner credits | D14: Wingtip Logistics | E14: OPP-24170 | F14: Wingtip predictive maintenance build credits | G14: 40000 | H14: 40000 | I14: 31500 | J14: =H14-I14 -> 8500 | K14: Approved - in use | L14: 46225 | M14: 46233 | N14: 46387 | O14: =N14-DATE(2026,10,8) -> 84 | P14: =IF(AND(J14>0,O14<=60),"EXPIRING","")
A15: FND-910 | B15: Microsoft | C15: ECIF | D15: Fabrikam Health | E15: OPP-24110 | F15: Fabrikam population health design sprint | G15: 60000 | H15: 0 | I15: 0 | J15: =H15-I15 -> 0 | K15: Applied | L15: 46296 | N15: 46446 | O15: =N15-DATE(2026,10,8) -> 143 | P15: =IF(AND(J15>0,O15<=60),"EXPIRING","")
F16: Total | G16: =SUM(G6:G15) -> 1025000 | H16: =SUM(H6:H15) -> 515000 | I16: =SUM(I6:I15) -> 327500 | J16: =SUM(J6:J15) -> 187500

Sheet Summary
A1: Funding summary by partner
A2: SUMIFS over Funding
A3: Classification: Confidential
A5: Partner | B5: Applied (pending) | C5: Approved | D5: Used | E5: Available | F5: Expiring within 60 days
A6: Microsoft | B6: =SUMIFS(Funding!$G$6:$G$15,Funding!$B$6:$B$15,A6,Funding!$H$6:$H$15,0) -> 210000 | C6: =SUMIFS(Funding!$H$6:$H$15,Funding!$B$6:$B$15,A6) -> 240000 | D6: =SUMIFS(Funding!$I$6:$I$15,Funding!$B$6:$B$15,A6) -> 109000 | E6: =SUMIFS(Funding!$J$6:$J$15,Funding!$B$6:$B$15,A6) -> 131000 | F6: =SUMIFS(Funding!$J$6:$J$15,Funding!$B$6:$B$15,A6,Funding!$P$6:$P$15,"EXPIRING") -> 95000
A7: AWS | B7: =SUMIFS(Funding!$G$6:$G$15,Funding!$B$6:$B$15,A7,Funding!$H$6:$H$15,0) -> 300000 | C7: =SUMIFS(Funding!$H$6:$H$15,Funding!$B$6:$B$15,A7) -> 235000 | D7: =SUMIFS(Funding!$I$6:$I$15,Funding!$B$6:$B$15,A7) -> 187000 | E7: =SUMIFS(Funding!$J$6:$J$15,Funding!$B$6:$B$15,A7) -> 48000 | F7: =SUMIFS(Funding!$J$6:$J$15,Funding!$B$6:$B$15,A7,Funding!$P$6:$P$15,"EXPIRING") -> 0
A8: Databricks | B8: =SUMIFS(Funding!$G$6:$G$15,Funding!$B$6:$B$15,A8,Funding!$H$6:$H$15,0) -> 0 | C8: =SUMIFS(Funding!$H$6:$H$15,Funding!$B$6:$B$15,A8) -> 40000 | D8: =SUMIFS(Funding!$I$6:$I$15,Funding!$B$6:$B$15,A8) -> 31500 | E8: =SUMIFS(Funding!$J$6:$J$15,Funding!$B$6:$B$15,A8) -> 8500 | F8: =SUMIFS(Funding!$J$6:$J$15,Funding!$B$6:$B$15,A8,Funding!$P$6:$P$15,"EXPIRING") -> 0
