Workbook

Sheet Bookings
A1: FY2026 bookings (closed won, Jan-Sep 2026)
A2: TCV from signed SOWs; ACV = TCV / term x 12 (capped at TCV)
A3: Classification: Confidential
A5: Opp ID | B5: Booking date | C5: Account | D5: Industry | E5: Opportunity | F5: Service line | G5: TCV (USD) | H5: Term (months) | I5: ACV (USD) | J5: New logo | K5: Partner | L5: First revenue date | M5: Time to first revenue (days) | N5: Owner
A6: OPP-24320 | B6: 46052 | C6: Contoso Manufacturing | D6: Manufacturing | E6: MES Support Renewal | F6: Managed Services | G6: 980000 | H6: 36 | I6: =IF(H6<=12,G6,G6/H6*12) -> 326666.67 | J6: No | L6: 46054 | M6: =L6-B6 -> 2 | N6: Sophie Turner
A7: OPP-24310 | B7: 46080 | C7: Woodgrove Bank | D7: BFSI | E7: Service Desk Extension | F7: Managed Services | G7: 560000 | H7: 12 | I7: =IF(H7<=12,G7,G7/H7*12) -> 560000 | J7: No | L7: 46082 | M7: =L7-B7 -> 2 | N7: Marcus Bell
A8: OPP-24340 | B8: 46094 | C8: Trey Research | D8: Life Sciences | E8: Lab Data Integration Pilot | F8: Data & AI | G8: 260000 | H8: 6 | I8: =IF(H8<=12,G8,G8/H8*12) -> 260000 | J8: No | K8: Snowflake | L8: 46104 | M8: =L8-B8 -> 10 | N8: Hannah Lee
A9: OPP-24300 | B9: 46101 | C9: Fabrikam Health | D9: Healthcare | E9: AMS Scope Extension - Revenue Cycle Apps | F9: Managed Services | G9: 420000 | H9: 9 | I9: =IF(H9<=12,G9,G9/H9*12) -> 420000 | J9: No | L9: 46113 | M9: =L9-B9 -> 12 | N9: Priya Raman
A10: OPP-24270 | B10: 46129 | C10: Alpine Ski House | D10: Hospitality | E10: Resort Systems Cloud Migration | F10: Cloud & Infrastructure | G10: 320000 | H10: 8 | I10: =IF(H10<=12,G10,G10/H10*12) -> 320000 | J10: Yes | K10: Microsoft | L10: 46146 | M10: =L10-B10 -> 17 | N10: James Patel
A11: OPP-24250 | B11: 46147 | C11: Relecloud | D11: Telecom | E11: Zero Trust Assessment | F11: Cybersecurity | G11: 180000 | H11: 2 | I11: =IF(H11<=12,G11,G11/H11*12) -> 180000 | J11: No | K11: Microsoft | L11: 46160 | M11: =L11-B11 -> 13 | N11: James Patel
A12: OPP-24131 | B12: 46185 | C12: Tailspin Airlines | D12: Travel & Transport | E12: AWS Migration Factory Wave 2 | F12: Cloud & Infrastructure | G12: 1100000 | H12: 12 | I12: =IF(H12<=12,G12,G12/H12*12) -> 1100000 | J12: No | K12: AWS | L12: 46202 | M12: =L12-B12 -> 17 | N12: Sophie Turner
A13: OPP-24280 | B13: 46199 | C13: Fourth Coffee | D13: Retail | E13: Mobile Order & Pay Commerce Build | F13: Digital Commerce | G13: 410000 | H13: 12 | I13: =IF(H13<=12,G13,G13/H13*12) -> 410000 | J13: Yes | L13: 46216 | M13: =L13-B13 -> 17 | N13: James Patel
A14: OPP-24170 | B14: 46223 | C14: Wingtip Logistics | D14: Logistics | E14: Predictive Maintenance Phase 2 | F14: Data & AI | G14: 850000 | H14: 12 | I14: =IF(H14<=12,G14,G14/H14*12) -> 850000 | J14: No | K14: Databricks | L14: 46237 | M14: =L14-B14 -> 14 | N14: Sophie Turner
A15: OPP-24290 | B15: 46262 | C15: Proseware Inc | D15: Technology | E15: SaaS Platform Re-architecture | F15: Application Modernization | G15: 280000 | H15: 6 | I15: =IF(H15<=12,G15,G15/H15*12) -> 280000 | J15: Yes | K15: AWS | L15: 46279 | M15: =L15-B15 -> 17 | N15: Hannah Lee
F17: Total | G17: =SUM(G6:G15) -> 5360000 | I17: =SUM(I6:I15) -> 4706666.7
L18: Average | M18: =AVERAGE(M6:M15) -> 12.1

Sheet Service Mix
A1: Bookings by service line
A2: SUMIFS over Bookings
A3: Classification: Confidential
A5: Service line | B5: Deals | C5: TCV (USD) | D5: Share of TCV
A6: Cloud & Infrastructure | B6: =COUNTIFS(Bookings!$F$6:$F$15,A6) -> 2 | C6: =SUMIFS(Bookings!$G$6:$G$15,Bookings!$F$6:$F$15,A6) -> 1420000 | D6: =C6/SUM($C$6:$C$12) -> 0.26492537
A7: Data & AI | B7: =COUNTIFS(Bookings!$F$6:$F$15,A7) -> 2 | C7: =SUMIFS(Bookings!$G$6:$G$15,Bookings!$F$6:$F$15,A7) -> 1110000 | D7: =C7/SUM($C$6:$C$12) -> 0.20708955
A8: Application Modernization | B8: =COUNTIFS(Bookings!$F$6:$F$15,A8) -> 1 | C8: =SUMIFS(Bookings!$G$6:$G$15,Bookings!$F$6:$F$15,A8) -> 280000 | D8: =C8/SUM($C$6:$C$12) -> 0.052238806
A9: Digital Commerce | B9: =COUNTIFS(Bookings!$F$6:$F$15,A9) -> 1 | C9: =SUMIFS(Bookings!$G$6:$G$15,Bookings!$F$6:$F$15,A9) -> 410000 | D9: =C9/SUM($C$6:$C$12) -> 0.076492537
A10: Managed Services | B10: =COUNTIFS(Bookings!$F$6:$F$15,A10) -> 3 | C10: =SUMIFS(Bookings!$G$6:$G$15,Bookings!$F$6:$F$15,A10) -> 1960000 | D10: =C10/SUM($C$6:$C$12) -> 0.36567164
A11: Cybersecurity | B11: =COUNTIFS(Bookings!$F$6:$F$15,A11) -> 1 | C11: =SUMIFS(Bookings!$G$6:$G$15,Bookings!$F$6:$F$15,A11) -> 180000 | D11: =C11/SUM($C$6:$C$12) -> 0.03358209
A12: Intelligent Automation | B12: =COUNTIFS(Bookings!$F$6:$F$15,A12) -> 0 | C12: =SUMIFS(Bookings!$G$6:$G$15,Bookings!$F$6:$F$15,A12) -> 0 | D12: =C12/SUM($C$6:$C$12) -> 0

Sheet New Logos
A1: New logos won in FY2026
A2: First contract with a customer not billed in the prior 24 months
A3: Classification: Confidential
A5: Account ID | B5: Account | C5: Industry | D5: First deal | E5: TCV (USD) | F5: Source | G5: Booking date | H5: First revenue | I5: Expansion potential
A6: ACC-1016 | B6: Alpine Ski House | C6: Hospitality | D6: Resort Systems Cloud Migration | E6: 320000 | F6: Campaign CMP-2604 (sourced) | G6: 46129 | H6: 46146 | I6: Managed cloud operations (~$200K/yr)
A7: ACC-1017 | B7: Fourth Coffee | C7: Retail | D7: Mobile Order & Pay Commerce Build | E7: 410000 | F7: Inbound | G7: 46199 | H7: 46216 | I7: Loyalty app and analytics (~$350K)
A8: ACC-1018 | B8: Proseware Inc | C8: Technology | D8: SaaS Platform Re-architecture | E8: 280000 | F8: Partner referral (AWS) | G8: 46262 | H8: 46279 | I8: Platform engineering pod (~$600K/yr)
