Workbook

Sheet Weekly Activity
A1: SDR activity and output by week (W28-W40, 2026)
A2: Source: HubSpot Sequences, Calls and Meetings. Meeting quality = share of held meetings accepted by AE.
A3: Classification: Internal
A5: Week | B5: Week starting | C5: SDR | D5: Touches | E5: Calls | F5: Emails | G5: LinkedIn | H5: Connects | I5: Connect rate | J5: Meetings booked | K5: Meetings held | L5: No-shows | M5: No-show rate | N5: Accepted by AE | O5: Meeting quality
A6: W28 | B6: 46209 | C6: Aisha Khan | D6: =E6+F6+G6 -> 435 | E6: 141 | F6: 205 | G6: 89 | H6: 18 | I6: =IF(E6=0,0,H6/E6) -> 0.12765957 | J6: 6 | K6: 5 | L6: 1 | M6: =IF(J6=0,0,L6/J6) -> 0.16666667 | N6: 5 | O6: =IF(K6=0,0,N6/K6) -> 1
A7: W28 | B7: 46209 | C7: Ben Carter | D7: =E7+F7+G7 -> 384 | E7: 124 | F7: 211 | G7: 49 | H7: 11 | I7: =IF(E7=0,0,H7/E7) -> 0.088709677 | J7: 3 | K7: 2 | L7: 1 | M7: =IF(J7=0,0,L7/J7) -> 0.33333333 | N7: 2 | O7: =IF(K7=0,0,N7/K7) -> 1
A8: W28 | B8: 46209 | C8: Chloe Martin | D8: =E8+F8+G8 -> 378 | E8: 121 | F8: 209 | G8: 48 | H8: 10 | I8: =IF(E8=0,0,H8/E8) -> 0.082644628 | J8: 4 | K8: 4 | L8: 0 | M8: =IF(J8=0,0,L8/J8) -> 0 | N8: 3 | O8: =IF(K8=0,0,N8/K8) -> 0.75
A9: W28 | B9: 46209 | C9: Diego Lopez | D9: =E9+F9+G9 -> 384 | E9: 99 | F9: 231 | G9: 54 | H9: 9 | I9: =IF(E9=0,0,H9/E9) -> 0.090909091 | J9: 3 | K9: 3 | L9: 0 | M9: =IF(J9=0,0,L9/J9) -> 0 | N9: 3 | O9: =IF(K9=0,0,N9/K9) -> 1
A10: W29 | B10: 46216 | C10: Aisha Khan | D10: =E10+F10+G10 -> 324 | E10: 96 | F10: 178 | G10: 50 | H10: 10 | I10: =IF(E10=0,0,H10/E10) -> 0.10416667 | J10: 3 | K10: 2 | L10: 1 | M10: =IF(J10=0,0,L10/J10) -> 0.33333333 | N10: 1 | O10: =IF(K10=0,0,N10/K10) -> 0.5
A11: W29 | B11: 46216 | C11: Ben Carter | D11: =E11+F11+G11 -> 343 | E11: 100 | F11: 194 | G11: 49 | H11: 11 | I11: =IF(E11=0,0,H11/E11) -> 0.11 | J11: 3 | K11: 3 | L11: 0 | M11: =IF(J11=0,0,L11/J11) -> 0 | N11: 2 | O11: =IF(K11=0,0,N11/K11) -> 0.66666667
A12: W29 | B12: 46216 | C12: Chloe Martin | D12: =E12+F12+G12 -> 329 | E12: 103 | F12: 170 | G12: 56 | H12: 9 | I12: =IF(E12=0,0,H12/E12) -> 0.087378641 | J12: 3 | K12: 3 | L12: 0 | M12: =IF(J12=0,0,L12/J12) -> 0 | N12: 2 | O12: =IF(K12=0,0,N12/K12) -> 0.66666667
A13: W29 | B13: 46216 | C13: Diego Lopez | D13: =E13+F13+G13 -> 349 | E13: 108 | F13: 177 | G13: 64 | H13: 14 | I13: =IF(E13=0,0,H13/E13) -> 0.12962963 | J13: 5 | K13: 4 | L13: 1 | M13: =IF(J13=0,0,L13/J13) -> 0.2 | N13: 2 | O13: =IF(K13=0,0,N13/K13) -> 0.5
A14: W30 | B14: 46223 | C14: Aisha Khan | D14: =E14+F14+G14 -> 365 | E14: 120 | F14: 187 | G14: 58 | H14: 15 | I14: =IF(E14=0,0,H14/E14) -> 0.125 | J14: 6 | K14: 5 | L14: 1 | M14: =IF(J14=0,0,L14/J14) -> 0.16666667 | N14: 4 | O14: =IF(K14=0,0,N14/K14) -> 0.8
A15: W30 | B15: 46223 | C15: Ben Carter | D15: =E15+F15+G15 -> 407 | E15: 111 | F15: 256 | G15: 40 | H15: 10 | I15: =IF(E15=0,0,H15/E15) -> 0.09009009 | J15: 3 | K15: 3 | L15: 0 | M15: =IF(J15=0,0,L15/J15) -> 0 | N15: 2 | O15: =IF(K15=0,0,N15/K15) -> 0.66666667
A16: W30 | B16: 46223 | C16: Chloe Martin | D16: =E16+F16+G16 -> 413 | E16: 123 | F16: 247 | G16: 43 | H16: 12 | I16: =IF(E16=0,0,H16/E16) -> 0.097560976 | J16: 5 | K16: 4 | L16: 1 | M16: =IF(J16=0,0,L16/J16) -> 0.2 | N16: 2 | O16: =IF(K16=0,0,N16/K16) -> 0.5
A17: W30 | B17: 46223 | C17: Diego Lopez | D17: =E17+F17+G17 -> 381 | E17: 100 | F17: 233 | G17: 48 | H17: 12 | I17: =IF(E17=0,0,H17/E17) -> 0.12 | J17: 5 | K17: 4 | L17: 1 | M17: =IF(J17=0,0,L17/J17) -> 0.2 | N17: 3 | O17: =IF(K17=0,0,N17/K17) -> 0.75
... A57: W40 | B57: 46293 | C57: Diego Lopez | D57: =E57+F57+G57 -> 372 | E57: 108 | F57: 207 | G57: 57 | H57: 12 | I57: =IF(E57=0,0,H57/E57) -> 0.11111111 | J57: 5 | K57: 4 | L57: 1 | M57: =IF(J57=0,0,L57/J57) -> 0.2 | N57: 3 | O57: =IF(K57=0,0,N57/K57) -> 0.75
A59: Connect rate = connects / calls. W36 includes the Labor Day holiday (4-day week).
A60: Targets: 9% connect rate, 6 meetings booked per SDR per week, meeting quality above 65%.

Sheet Team Trend
A1: Team totals by week
A2: SUMIFS over Weekly Activity
A3: Classification: Internal
A5: Week | B5: Touches | C5: Connects | D5: Connect rate | E5: Booked | F5: Held | G5: No-shows | H5: Accepted by AE
A6: W28 | B6: =SUMIFS('Weekly Activity'!$D$6:$D$57,'Weekly Activity'!$A$6:$A$57,A6) -> 1581 | C6: =SUMIFS('Weekly Activity'!$H$6:$H$57,'Weekly Activity'!$A$6:$A$57,A6) -> 48 | D6: =C6/SUMIFS('Weekly Activity'!$E$6:$E$57,'Weekly Activity'!$A$6:$A$57,A6) -> 0.098969072 | E6: =SUMIFS('Weekly Activity'!$J$6:$J$57,'Weekly Activity'!$A$6:$A$57,A6) -> 16 | F6: =SUMIFS('Weekly Activity'!$K$6:$K$57,'Weekly Activity'!$A$6:$A$57,A6) -> 14 | G6: =SUMIFS('Weekly Activity'!$L$6:$L$57,'Weekly Activity'!$A$6:$A$57,A6) -> 2 | H6: =SUMIFS('Weekly Activity'!$N$6:$N$57,'Weekly Activity'!$A$6:$A$57,A6) -> 13
A7: W29 | B7: =SUMIFS('Weekly Activity'!$D$6:$D$57,'Weekly Activity'!$A$6:$A$57,A7) -> 1345 | C7: =SUMIFS('Weekly Activity'!$H$6:$H$57,'Weekly Activity'!$A$6:$A$57,A7) -> 44 | D7: =C7/SUMIFS('Weekly Activity'!$E$6:$E$57,'Weekly Activity'!$A$6:$A$57,A7) -> 0.10810811 | E7: =SUMIFS('Weekly Activity'!$J$6:$J$57,'Weekly Activity'!$A$6:$A$57,A7) -> 14 | F7: =SUMIFS('Weekly Activity'!$K$6:$K$57,'Weekly Activity'!$A$6:$A$57,A7) -> 12 | G7: =SUMIFS('Weekly Activity'!$L$6:$L$57,'Weekly Activity'!$A$6:$A$57,A7) -> 2 | H7: =SUMIFS('Weekly Activity'!$N$6:$N$57,'Weekly Activity'!$A$6:$A$57,A7) -> 7
A8: W30 | B8: =SUMIFS('Weekly Activity'!$D$6:$D$57,'Weekly Activity'!$A$6:$A$57,A8) -> 1566 | C8: =SUMIFS('Weekly Activity'!$H$6:$H$57,'Weekly Activity'!$A$6:$A$57,A8) -> 49 | D8: =C8/SUMIFS('Weekly Activity'!$E$6:$E$57,'Weekly Activity'!$A$6:$A$57,A8) -> 0.10792952 | E8: =SUMIFS('Weekly Activity'!$J$6:$J$57,'Weekly Activity'!$A$6:$A$57,A8) -> 19 | F8: =SUMIFS('Weekly Activity'!$K$6:$K$57,'Weekly Activity'!$A$6:$A$57,A8) -> 16 | G8: =SUMIFS('Weekly Activity'!$L$6:$L$57,'Weekly Activity'!$A$6:$A$57,A8) -> 3 | H8: =SUMIFS('Weekly Activity'!$N$6:$N$57,'Weekly Activity'!$A$6:$A$57,A8) -> 11
A9: W31 | B9: =SUMIFS('Weekly Activity'!$D$6:$D$57,'Weekly Activity'!$A$6:$A$57,A9) -> 1465 | C9: =SUMIFS('Weekly Activity'!$H$6:$H$57,'Weekly Activity'!$A$6:$A$57,A9) -> 48 | D9: =C9/SUMIFS('Weekly Activity'!$E$6:$E$57,'Weekly Activity'!$A$6:$A$57,A9) -> 0.10786517 | E9: =SUMIFS('Weekly Activity'!$J$6:$J$57,'Weekly Activity'!$A$6:$A$57,A9) -> 15 | F9: =SUMIFS('Weekly Activity'!$K$6:$K$57,'Weekly Activity'!$A$6:$A$57,A9) -> 14 | G9: =SUMIFS('Weekly Activity'!$L$6:$L$57,'Weekly Activity'!$A$6:$A$57,A9) -> 1 | H9: =SUMIFS('Weekly Activity'!$N$6:$N$57,'Weekly Activity'!$A$6:$A$57,A9) -> 10
A10: W32 | B10: =SUMIFS('Weekly Activity'!$D$6:$D$57,'Weekly Activity'!$A$6:$A$57,A10) -> 1527 | C10: =SUMIFS('Weekly Activity'!$H$6:$H$57,'Weekly Activity'!$A$6:$A$57,A10) -> 53 | D10: =C10/SUMIFS('Weekly Activity'!$E$6:$E$57,'Weekly Activity'!$A$6:$A$57,A10) -> 0.11205074 | E10: =SUMIFS('Weekly Activity'!$J$6:$J$57,'Weekly Activity'!$A$6:$A$57,A10) -> 20 | F10: =SUMIFS('Weekly Activity'!$K$6:$K$57,'Weekly Activity'!$A$6:$A$57,A10) -> 17 | G10: =SUMIFS('Weekly Activity'!$L$6:$L$57,'Weekly Activity'!$A$6:$A$57,A10) -> 3 | H10: =SUMIFS('Weekly Activity'!$N$6:$N$57,'Weekly Activity'!$A$6:$A$57,A10) -> 13
A11: W33 | B11: =SUMIFS('Weekly Activity'!$D$6:$D$57,'Weekly Activity'!$A$6:$A$57,A11) -> 1677 | C11: =SUMIFS('Weekly Activity'!$H$6:$H$57,'Weekly Activity'!$A$6:$A$57,A11) -> 49 | D11: =C11/SUMIFS('Weekly Activity'!$E$6:$E$57,'Weekly Activity'!$A$6:$A$57,A11) -> 0.096078431 | E11: =SUMIFS('Weekly Activity'!$J$6:$J$57,'Weekly Activity'!$A$6:$A$57,A11) -> 16 | F11: =SUMIFS('Weekly Activity'!$K$6:$K$57,'Weekly Activity'!$A$6:$A$57,A11) -> 13 | G11: =SUMIFS('Weekly Activity'!$L$6:$L$57,'Weekly Activity'!$A$6:$A$57,A11) -> 3 | H11: =SUMIFS('Weekly Activity'!$N$6:$N$57,'Weekly Activity'!$A$6:$A$57,A11) -> 9
A12: W34 | B12: =SUMIFS('Weekly Activity'!$D$6:$D$57,'Weekly Activity'!$A$6:$A$57,A12) -> 1606 | C12: =SUMIFS('Weekly Activity'!$H$6:$H$57,'Weekly Activity'!$A$6:$A$57,A12) -> 59 | D12: =C12/SUMIFS('Weekly Activity'!$E$6:$E$57,'Weekly Activity'!$A$6:$A$57,A12) -> 0.11195446 | E12: =SUMIFS('Weekly Activity'!$J$6:$J$57,'Weekly Activity'!$A$6:$A$57,A12) -> 20 | F12: =SUMIFS('Weekly Activity'!$K$6:$K$57,'Weekly Activity'!$A$6:$A$57,A12) -> 17 | G12: =SUMIFS('Weekly Activity'!$L$6:$L$57,'Weekly Activity'!$A$6:$A$57,A12) -> 3 | H12: =SUMIFS('Weekly Activity'!$N$6:$N$57,'Weekly Activity'!$A$6:$A$57,A12) -> 11
A13: W35 | B13: =SUMIFS('Weekly Activity'!$D$6:$D$57,'Weekly Activity'!$A$6:$A$57,A13) -> 1519 | C13: =SUMIFS('Weekly Activity'!$H$6:$H$57,'Weekly Activity'!$A$6:$A$57,A13) -> 53 | D13: =C13/SUMIFS('Weekly Activity'!$E$6:$E$57,'Weekly Activity'!$A$6:$A$57,A13) -> 0.10192308 | E13: =SUMIFS('Weekly Activity'!$J$6:$J$57,'Weekly Activity'!$A$6:$A$57,A13) -> 18 | F13: =SUMIFS('Weekly Activity'!$K$6:$K$57,'Weekly Activity'!$A$6:$A$57,A13) -> 15 | G13: =SUMIFS('Weekly Activity'!$L$6:$L$57,'Weekly Activity'!$A$6:$A$57,A13) -> 3 | H13: =SUMIFS('Weekly Activity'!$N$6:$N$57,'Weekly Activity'!$A$6:$A$57,A13) -> 11
A14: W36 | B14: =SUMIFS('Weekly Activity'!$D$6:$D$57,'Weekly Activity'!$A$6:$A$57,A14) -> 1474 | C14: =SUMIFS('Weekly Activity'!$H$6:$H$57,'Weekly Activity'!$A$6:$A$57,A14) -> 50 | D14: =C14/SUMIFS('Weekly Activity'!$E$6:$E$57,'Weekly Activity'!$A$6:$A$57,A14) -> 0.10460251 | E14: =SUMIFS('Weekly Activity'!$J$6:$J$57,'Weekly Activity'!$A$6:$A$57,A14) -> 19 | F14: =SUMIFS('Weekly Activity'!$K$6:$K$57,'Weekly Activity'!$A$6:$A$57,A14) -> 16 | G14: =SUMIFS('Weekly Activity'!$L$6:$L$57,'Weekly Activity'!$A$6:$A$57,A14) -> 3 | H14: =SUMIFS('Weekly Activity'!$N$6:$N$57,'Weekly Activity'!$A$6:$A$57,A14) -> 11
A15: W37 | B15: =SUMIFS('Weekly Activity'!$D$6:$D$57,'Weekly Activity'!$A$6:$A$57,A15) -> 1607 | C15: =SUMIFS('Weekly Activity'!$H$6:$H$57,'Weekly Activity'!$A$6:$A$57,A15) -> 51 | D15: =C15/SUMIFS('Weekly Activity'!$E$6:$E$57,'Weekly Activity'!$A$6:$A$57,A15) -> 0.10472279 | E15: =SUMIFS('Weekly Activity'!$J$6:$J$57,'Weekly Activity'!$A$6:$A$57,A15) -> 15 | F15: =SUMIFS('Weekly Activity'!$K$6:$K$57,'Weekly Activity'!$A$6:$A$57,A15) -> 12 | G15: =SUMIFS('Weekly Activity'!$L$6:$L$57,'Weekly Activity'!$A$6:$A$57,A15) -> 3 | H15: =SUMIFS('Weekly Activity'!$N$6:$N$57,'Weekly Activity'!$A$6:$A$57,A15) -> 9
A16: W38 | B16: =SUMIFS('Weekly Activity'!$D$6:$D$57,'Weekly Activity'!$A$6:$A$57,A16) -> 1606 | C16: =SUMIFS('Weekly Activity'!$H$6:$H$57,'Weekly Activity'!$A$6:$A$57,A16) -> 51 | D16: =C16/SUMIFS('Weekly Activity'!$E$6:$E$57,'Weekly Activity'!$A$6:$A$57,A16) -> 0.11062907 | E16: =SUMIFS('Weekly Activity'!$J$6:$J$57,'Weekly Activity'!$A$6:$A$57,A16) -> 18 | F16: =SUMIFS('Weekly Activity'!$K$6:$K$57,'Weekly Activity'!$A$6:$A$57,A16) -> 15 | G16: =SUMIFS('Weekly Activity'!$L$6:$L$57,'Weekly Activity'!$A$6:$A$57,A16) -> 3 | H16: =SUMIFS('Weekly Activity'!$N$6:$N$57,'Weekly Activity'!$A$6:$A$57,A16) -> 12
A17: W39 | B17: =SUMIFS('Weekly Activity'!$D$6:$D$57,'Weekly Activity'!$A$6:$A$57,A17) -> 1466 | C17: =SUMIFS('Weekly Activity'!$H$6:$H$57,'Weekly Activity'!$A$6:$A$57,A17) -> 45 | D17: =C17/SUMIFS('Weekly Activity'!$E$6:$E$57,'Weekly Activity'!$A$6:$A$57,A17) -> 0.10273973 | E17: =SUMIFS('Weekly Activity'!$J$6:$J$57,'Weekly Activity'!$A$6:$A$57,A17) -> 14 | F17: =SUMIFS('Weekly Activity'!$K$6:$K$57,'Weekly Activity'!$A$6:$A$57,A17) -> 13 | G17: =SUMIFS('Weekly Activity'!$L$6:$L$57,'Weekly Activity'!$A$6:$A$57,A17) -> 1 | H17: =SUMIFS('Weekly Activity'!$N$6:$N$57,'Weekly Activity'!$A$6:$A$57,A17) -> 9
A18: W40 | B18: =SUMIFS('Weekly Activity'!$D$6:$D$57,'Weekly Activity'!$A$6:$A$57,A18) -> 1471 | C18: =SUMIFS('Weekly Activity'!$H$6:$H$57,'Weekly Activity'!$A$6:$A$57,A18) -> 49 | D18: =C18/SUMIFS('Weekly Activity'!$E$6:$E$57,'Weekly Activity'!$A$6:$A$57,A18) -> 0.10745614 | E18: =SUMIFS('Weekly Activity'!$J$6:$J$57,'Weekly Activity'!$A$6:$A$57,A18) -> 17 | F18: =SUMIFS('Weekly Activity'!$K$6:$K$57,'Weekly Activity'!$A$6:$A$57,A18) -> 15 | G18: =SUMIFS('Weekly Activity'!$L$6:$L$57,'Weekly Activity'!$A$6:$A$57,A18) -> 2 | H18: =SUMIFS('Weekly Activity'!$N$6:$N$57,'Weekly Activity'!$A$6:$A$57,A18) -> 11
